fips,state_code,district_code,name,senator_1,senator_1_party,senator_2,senator_2_party,representative,representative_party,report_link
01,AL,00,"Alabama","Tommy Tuberville","Republican","Katie Boyd Britt","Republican",,,"https://environmentalenforcementwatch.org/report_cards/AL_2024.pdf"
02,AK,00,"Alaska","Lisa Murkowski","Republican","Dan Sullivan","Republican",,,"https://environmentalenforcementwatch.org/report_cards/AK_2024.pdf"
04,AZ,00,"Arizona","Kyrsten Sinema","Independent","Mark Kelly","Democrat",,,"https://environmentalenforcementwatch.org/report_cards/AZ_2024.pdf"
05,AR,00,"Arkansas","John Boozman","Republican","Tom Cotton","Republican",,,"https://environmentalenforcementwatch.org/report_cards/AR_2024.pdf"
06,CA,00,"California","Dianne Feinstein","Democrat","Alex Padilla","Democrat",,,"https://environmentalenforcementwatch.org/report_cards/CA_2024.pdf"
08,CO,00,"Colorado","Michael F. Bennet","Democrat","John W. Hickenlooper","Democrat",,,"https://environmentalenforcementwatch.org/report_cards/CO_2024.pdf"
09,CT,00,"Connecticut","Richard Blumenthal","Democrat","Christopher Murphy","Democrat",,,"https://environmentalenforcementwatch.org/report_cards/CT_2024.pdf"
10,DE,00,"Delaware","Thomas R. Carper","Democrat","Christopher A. Coons","Democrat",,,"https://environmentalenforcementwatch.org/report_cards/DE_2024.pdf"
11,DC,00,"District of Columbia",,,,,,,"https://environmentalenforcementwatch.org/report_cards/DC_2024.pdf"
12,FL,00,"Florida","Marco Rubio","Republican","Rick Scott","Republican",,,"https://environmentalenforcementwatch.org/report_cards/FL_2024.pdf"
13,GA,00,"Georgia","Jon Ossoff","Democrat","Raphael G. Warnock","Democrat",,,"https://environmentalenforcementwatch.org/report_cards/GA_2024.pdf"
15,HI,00,"Hawaii","Mazie K. Hirono","Democrat","Brian Schatz","Democrat",,,"https://environmentalenforcementwatch.org/report_cards/HI_2024.pdf"
16,ID,00,"Idaho","James E. Risch","Republican","Mike Crapo","Republican",,,"https://environmentalenforcementwatch.org/report_cards/ID_2024.pdf"
17,IL,00,"Illinois","Richard J. Durbin","Democrat","Tammy Duckworth","Democrat",,,"https://environmentalenforcementwatch.org/report_cards/IL_2024.pdf"
18,IN,00,"Indiana","Todd Young","Republican","Mike Braun","Republican",,,"https://environmentalenforcementwatch.org/report_cards/IN_2024.pdf"
19,IA,00,"Iowa","Chuck Grassley","Republican","Joni Ernst","Republican",,,"https://environmentalenforcementwatch.org/report_cards/IA_2024.pdf"
20,KS,00,"Kansas","Jerry Moran","Republican","Roger Marshall","Republican",,,"https://environmentalenforcementwatch.org/report_cards/KS_2024.pdf"
21,KY,00,"Kentucky","Mitch McConnell","Republican","Rand Paul","Republican",,,"https://environmentalenforcementwatch.org/report_cards/KY_2024.pdf"
22,LA,00,"Louisiana","Bill Cassidy","Republican","John Kennedy","Republican",,,"https://environmentalenforcementwatch.org/report_cards/LA_2024.pdf"
23,ME,00,"Maine","Susan M. Collins","Republican","Angus S. King, Jr.","Independent",,,"https://environmentalenforcementwatch.org/report_cards/ME_2024.pdf"
24,MD,00,"Maryland","Benjamin L. Cardin","Democrat","Chris Van Hollen","Democrat",,,"https://environmentalenforcementwatch.org/report_cards/MD_2024.pdf"
25,MA,00,"Massachusetts","Edward J. Markey","Democrat","Elizabeth Warren","Democrat",,,"https://environmentalenforcementwatch.org/report_cards/MA_2024.pdf"
26,MI,00,"Michigan","Debbie Stabenow","Democrat","Gary C. Peters","Democrat",,,"https://environmentalenforcementwatch.org/report_cards/MI_2024.pdf"
27,MN,00,"Minnesota","Amy Klobuchar","Democrat","Tina Smith","Democrat",,,"https://environmentalenforcementwatch.org/report_cards/MN_2024.pdf"
28,MS,00,"Mississippi","Roger F. Wicker","Republican","Cindy Hyde-Smith","Republican",,,"https://environmentalenforcementwatch.org/report_cards/MS_2024.pdf"
29,MO,00,"Missouri","Josh Hawley","Republican","Eric Schmitt","Republican",,,"https://environmentalenforcementwatch.org/report_cards/MO_2024.pdf"
30,MT,00,"Montana","Jon Tester","Democrat","Steve Daines","Republican",,,"https://environmentalenforcementwatch.org/report_cards/MT_2024.pdf"
31,NE,00,"Nebraska","Deb Fischer","Republican","Pete Ricketts","Republican",,,"https://environmentalenforcementwatch.org/report_cards/NE_2024.pdf"
32,NV,00,"Nevada","Catherine Cortez Masto","Democrat","Jacky Rosen","Democrat",,,"https://environmentalenforcementwatch.org/report_cards/NV_2024.pdf"
33,NH,00,"New Hampshire","Jeanne Shaheen","Democrat","Margaret Wood Hassan","Democrat",,,"https://environmentalenforcementwatch.org/report_cards/NH_2024.pdf"
34,NJ,00,"New Jersey","Robert Menendez","Democrat","Cory A. Booker","Democrat",,,"https://environmentalenforcementwatch.org/report_cards/NJ_2024.pdf"
35,NM,00,"New Mexico","Martin Heinrich","Democrat","Ben Ray Luján","Democrat",,,"https://environmentalenforcementwatch.org/report_cards/NM_2024.pdf"
36,NY,00,"New York","Kirsten E. Gillibrand","Democrat","Charles E. Schumer","Democrat",,,"https://environmentalenforcementwatch.org/report_cards/NY_2024.pdf"
37,NC,00,"North Carolina","Thom Tillis","Republican","Ted Budd","Republican",,,"https://environmentalenforcementwatch.org/report_cards/NC_2024.pdf"
38,ND,00,"North Dakota","John Hoeven","Republican","Kevin Cramer","Republican",,,"https://environmentalenforcementwatch.org/report_cards/ND_2024.pdf"
39,OH,00,"Ohio","Sherrod Brown","Democrat","J.D. Vance","Republican",,,"https://environmentalenforcementwatch.org/report_cards/OH_2024.pdf"
40,OK,00,"Oklahoma","James Lankford","Republican","Markwayne Mullin","Republican",,,"https://environmentalenforcementwatch.org/report_cards/OK_2024.pdf"
41,OR,00,"Oregon","Jeff Merkley","Democrat","Ron Wyden","Democrat",,,"https://environmentalenforcementwatch.org/report_cards/OR_2024.pdf"
42,PA,00,"Pennsylvania","Robert P. Casey, Jr.","Democrat","John Fetterman","Democrat",,,"https://environmentalenforcementwatch.org/report_cards/PA_2024.pdf"
44,RI,00,"Rhode Island","Sheldon Whitehouse","Democrat","Jack Reed","Democrat",,,"https://environmentalenforcementwatch.org/report_cards/RI_2024.pdf"
45,SC,00,"South Carolina","Lindsey Graham","Republican","Tim Scott","Republican",,,"https://environmentalenforcementwatch.org/report_cards/SC_2024.pdf"
46,SD,00,"South Dakota","John Thune","Republican","Mike Rounds","Republican",,,"https://environmentalenforcementwatch.org/report_cards/SD_2024.pdf"
47,TN,00,"Tennessee","Marsha Blackburn","Republican","Bill Hagerty","Republican",,,"https://environmentalenforcementwatch.org/report_cards/TN_2024.pdf"
48,TX,00,"Texas","John Cornyn","Republican","Ted Cruz","Republican",,,"https://environmentalenforcementwatch.org/report_cards/TX_2024.pdf"
49,UT,00,"Utah","Mike Lee","Republican","Mitt Romney","Republican",,,"https://environmentalenforcementwatch.org/report_cards/UT_2024.pdf"
50,VT,00,"Vermont","Bernard Sanders","Independent","Peter Welch","Democrat",,,"https://environmentalenforcementwatch.org/report_cards/VT_2024.pdf"
51,VA,00,"Virginia","Mark R. Warner","Democrat","Tim Kaine","Democrat",,,"https://environmentalenforcementwatch.org/report_cards/VA_2024.pdf"
53,WA,00,"Washington","Maria Cantwell","Democrat","Patty Murray","Democrat",,,"https://environmentalenforcementwatch.org/report_cards/WA_2024.pdf"
54,WV,00,"West Virginia","Joe Manchin, III","Democrat","Shelley Moore Capito","Republican",,,"https://environmentalenforcementwatch.org/report_cards/WV_2024.pdf"
55,WI,00,"Wisconsin","Tammy Baldwin","Democrat","Ron Johnson","Republican",,,"https://environmentalenforcementwatch.org/report_cards/WI_2024.pdf"
56,WY,00,"Wyoming","John Barrasso","Republican","Cynthia M. Lummis","Republican",,,"https://environmentalenforcementwatch.org/report_cards/WY_2024.pdf"
60,AS,00,"American Samoa",,,,,,,"https://environmentalenforcementwatch.org/report_cards/AS_2024.pdf"
66,GU,00,"Guam",,,,,,,"https://environmentalenforcementwatch.org/report_cards/GU_2024.pdf"
69,MP,00,"Northern Mariana Islands",,,,,,,"https://environmentalenforcementwatch.org/report_cards/MP_2024.pdf"
72,PR,00,"Puerto Rico",,,,,,,"https://environmentalenforcementwatch.org/report_cards/PR_2024.pdf"
78,VI,00,"Virgin Islands",,,,,,,"https://environmentalenforcementwatch.org/report_cards/VI_2024.pdf"
0603,CA,03,"California Congressional District 3",,,,,"Kevin Kiley","Republican","https://environmentalenforcementwatch.org/report_cards/CA03_2024.pdf"
0803,CO,03,"Colorado Congressional District 3",,,,,"Lauren Boebert","Republican","https://environmentalenforcementwatch.org/report_cards/CO03_2024.pdf"
5507,WI,07,"Wisconsin Congressional District 7",,,,,"Thomas P. Tiffany","Republican","https://environmentalenforcementwatch.org/report_cards/WI07_2024.pdf"
4832,TX,32,"Texas Congressional District 32",,,,,"Colin Z. Allred","Democrat","https://environmentalenforcementwatch.org/report_cards/TX32_2024.pdf"
0625,CA,25,"California Congressional District 25",,,,,"Raul Ruiz","Democrat","https://environmentalenforcementwatch.org/report_cards/CA25_2024.pdf"
1312,GA,12,"Georgia Congressional District 12",,,,,"Rick W. Allen","Republican","https://environmentalenforcementwatch.org/report_cards/GA12_2024.pdf"
2904,MO,04,"Missouri Congressional District 4",,,,,"Mark Alford","Republican","https://environmentalenforcementwatch.org/report_cards/MO04_2024.pdf"
5101,VA,01,"Virginia Congressional District 1",,,,,"Robert J. Wittman","Republican","https://environmentalenforcementwatch.org/report_cards/VA01_2024.pdf"
0405,AZ,05,"Arizona Congressional District 5",,,,,"Andy Biggs","Republican","https://environmentalenforcementwatch.org/report_cards/AZ05_2024.pdf"
4827,TX,27,"Texas Congressional District 27",,,,,"Michael Cloud","Republican","https://environmentalenforcementwatch.org/report_cards/TX27_2024.pdf"
4822,TX,22,"Texas Congressional District 22",,,,,"Troy E. Nehls","Republican","https://environmentalenforcementwatch.org/report_cards/TX22_2024.pdf"
4810,TX,10,"Texas Congressional District 10",,,,,"Michael T. McCaul","Republican","https://environmentalenforcementwatch.org/report_cards/TX10_2024.pdf"
0616,CA,16,"California Congressional District 16",,,,,"Anna G. Eshoo","Democrat","https://environmentalenforcementwatch.org/report_cards/CA16_2024.pdf"
2104,KY,04,"Kentucky Congressional District 4",,,,,"Thomas Massie","Republican","https://environmentalenforcementwatch.org/report_cards/KY04_2024.pdf"
4201,PA,01,"Pennsylvania Congressional District 1",,,,,"Brian K. Fitzpatrick","Republican","https://environmentalenforcementwatch.org/report_cards/PA01_2024.pdf"
0613,CA,13,"California Congressional District 13",,,,,"John S. Duarte","Republican","https://environmentalenforcementwatch.org/report_cards/CA13_2024.pdf"
0608,CA,08,"California Congressional District 8",,,,,"John Garamendi","Democrat","https://environmentalenforcementwatch.org/report_cards/CA08_2024.pdf"
1202,FL,02,"Florida Congressional District 2",,,,,"Neal P. Dunn","Republican","https://environmentalenforcementwatch.org/report_cards/FL02_2024.pdf"
1308,GA,08,"Georgia Congressional District 8",,,,,"Austin Scott","Republican","https://environmentalenforcementwatch.org/report_cards/GA08_2024.pdf"
2406,MD,06,"Maryland Congressional District 6",,,,,"David J. Trone","Democrat","https://environmentalenforcementwatch.org/report_cards/MD06_2024.pdf"
3002,MT,02,"Montana Congressional District 2",,,,,"Matthew M. Rosendale, Sr.","Republican","https://environmentalenforcementwatch.org/report_cards/MT02_2024.pdf"
0618,CA,18,"California Congressional District 18",,,,,"Zoe Lofgren","Democrat","https://environmentalenforcementwatch.org/report_cards/CA18_2024.pdf"
4815,TX,15,"Texas Congressional District 15",,,,,"Monica De La Cruz","Republican","https://environmentalenforcementwatch.org/report_cards/TX15_2024.pdf"
4805,TX,05,"Texas Congressional District 5",,,,,"Lance Gooden","Republican","https://environmentalenforcementwatch.org/report_cards/TX05_2024.pdf"
2002,KS,02,"Kansas Congressional District 2",,,,,"Jake LaTurner","Republican","https://environmentalenforcementwatch.org/report_cards/KS02_2024.pdf"
0645,CA,45,"California Congressional District 45",,,,,"Michelle Steel","Republican","https://environmentalenforcementwatch.org/report_cards/CA45_2024.pdf"
0620,CA,20,"California Congressional District 20",,,,,"Kevin McCarthy","Republican","https://environmentalenforcementwatch.org/report_cards/CA20_2024.pdf"
0807,CO,07,"Colorado Congressional District 7",,,,,"Brittany Pettersen","Democrat","https://environmentalenforcementwatch.org/report_cards/CO07_2024.pdf"
5304,WA,04,"Washington Congressional District 4",,,,,"Dan Newhouse","Republican","https://environmentalenforcementwatch.org/report_cards/WA04_2024.pdf"
3402,NJ,02,"New Jersey Congressional District 2",,,,,"Jefferson Van Drew","Republican","https://environmentalenforcementwatch.org/report_cards/NJ02_2024.pdf"
2105,KY,05,"Kentucky Congressional District 5",,,,,"Harold Rogers","Republican","https://environmentalenforcementwatch.org/report_cards/KY05_2024.pdf"
3619,NY,19,"New York Congressional District 19",,,,,"Marcus J. Molinaro","Republican","https://environmentalenforcementwatch.org/report_cards/NY19_2024.pdf"
0641,CA,41,"California Congressional District 41",,,,,"Ken Calvert","Republican","https://environmentalenforcementwatch.org/report_cards/CA41_2024.pdf"
4707,TN,07,"Tennessee Congressional District 7",,,,,"Mark E. Green","Republican","https://environmentalenforcementwatch.org/report_cards/TN07_2024.pdf"
0407,AZ,07,"Arizona Congressional District 7",,,,,"Raúl M. Grijalva","Democrat","https://environmentalenforcementwatch.org/report_cards/AZ07_2024.pdf"
0504,AR,04,"Arkansas Congressional District 4",,,,,"Bruce Westerman","Republican","https://environmentalenforcementwatch.org/report_cards/AR04_2024.pdf"
0648,CA,48,"California Congressional District 48",,,,,"Darrell Issa","Republican","https://environmentalenforcementwatch.org/report_cards/CA48_2024.pdf"
1301,GA,01,"Georgia Congressional District 1",,,,,"Earl L. &quot;Buddy&quot; Carter","Republican","https://environmentalenforcementwatch.org/report_cards/GA01_2024.pdf"
1808,IN,08,"Indiana Congressional District 8",,,,,"Larry Bucshon","Republican","https://environmentalenforcementwatch.org/report_cards/IN08_2024.pdf"
2707,MN,07,"Minnesota Congressional District 7",,,,,"Michelle Fischbach","Republican","https://environmentalenforcementwatch.org/report_cards/MN07_2024.pdf"
3502,NM,02,"New Mexico Congressional District 2",,,,,"Gabe Vasquez","Democrat","https://environmentalenforcementwatch.org/report_cards/NM02_2024.pdf"
3714,NC,14,"North Carolina Congressional District 14",,,,,"Jeff Jackson","Democrat","https://environmentalenforcementwatch.org/report_cards/NC14_2024.pdf"
3800,ND,00,"North Dakota Congressional District (at Large)",,,,,"Kelly Armstrong","Republican","https://environmentalenforcementwatch.org/report_cards/ND00_2024.pdf"
3906,OH,06,"Ohio Congressional District 6",,,,,"Bill Johnson","Republican","https://environmentalenforcementwatch.org/report_cards/OH06_2024.pdf"
4104,OR,04,"Oregon Congressional District 4",,,,,"Val T. Hoyle","Democrat","https://environmentalenforcementwatch.org/report_cards/OR04_2024.pdf"
4502,SC,02,"South Carolina Congressional District 2",,,,,"Joe Wilson","Republican","https://environmentalenforcementwatch.org/report_cards/SC02_2024.pdf"
4823,TX,23,"Texas Congressional District 23",,,,,"Tony Gonzales","Republican","https://environmentalenforcementwatch.org/report_cards/TX23_2024.pdf"
4801,TX,01,"Texas Congressional District 1",,,,,"Nathaniel Moran","Republican","https://environmentalenforcementwatch.org/report_cards/TX01_2024.pdf"
4826,TX,26,"Texas Congressional District 26",,,,,"Michael C. Burgess","Republican","https://environmentalenforcementwatch.org/report_cards/TX26_2024.pdf"
3709,NC,09,"North Carolina Congressional District 9",,,,,"Richard Hudson","Republican","https://environmentalenforcementwatch.org/report_cards/NC09_2024.pdf"
4004,OK,04,"Oklahoma Congressional District 4",,,,,"Tom Cole","Republican","https://environmentalenforcementwatch.org/report_cards/OK04_2024.pdf"
1204,FL,04,"Florida Congressional District 4",,,,,"Aaron Bean","Republican","https://environmentalenforcementwatch.org/report_cards/FL04_2024.pdf"
2504,MA,04,"Massachusetts Congressional District 4",,,,,"Jake Auchincloss","Democrat","https://environmentalenforcementwatch.org/report_cards/MA04_2024.pdf"
2803,MS,03,"Mississippi Congressional District 3",,,,,"Michael Guest","Republican","https://environmentalenforcementwatch.org/report_cards/MS03_2024.pdf"
5105,VA,05,"Virginia Congressional District 5",,,,,"Bob Good","Republican","https://environmentalenforcementwatch.org/report_cards/VA05_2024.pdf"
0104,AL,04,"Alabama Congressional District 4",,,,,"Robert B. Aderholt","Republican","https://environmentalenforcementwatch.org/report_cards/AL04_2024.pdf"
1000,DE,00,"Delaware Congressional District (at Large)",,,,,"Lisa Blunt Rochester","Democrat","https://environmentalenforcementwatch.org/report_cards/DE00_2024.pdf"
2908,MO,08,"Missouri Congressional District 8",,,,,"Jason Smith","Republican","https://environmentalenforcementwatch.org/report_cards/MO08_2024.pdf"
3407,NJ,07,"New Jersey Congressional District 7",,,,,"Thomas H. Kean, Jr.","Republican","https://environmentalenforcementwatch.org/report_cards/NJ07_2024.pdf"
4102,OR,02,"Oregon Congressional District 2",,,,,"Cliff Bentz","Republican","https://environmentalenforcementwatch.org/report_cards/OR02_2024.pdf"
4209,PA,09,"Pennsylvania Congressional District 9",,,,,"Daniel Meuser","Republican","https://environmentalenforcementwatch.org/report_cards/PA09_2024.pdf"
4208,PA,08,"Pennsylvania Congressional District 8",,,,,"Matt Cartwright","Democrat","https://environmentalenforcementwatch.org/report_cards/PA08_2024.pdf"
4401,RI,01,"Rhode Island Congressional District 1",,,,,"David N. Cicilline","Democrat","https://environmentalenforcementwatch.org/report_cards/RI01_2024.pdf"
5110,VA,10,"Virginia Congressional District 10",,,,,"Jennifer Wexton","Democrat","https://environmentalenforcementwatch.org/report_cards/VA10_2024.pdf"
5402,WV,02,"West Virginia Congressional District 2",,,,,"Alexander X. Mooney","Republican","https://environmentalenforcementwatch.org/report_cards/WV02_2024.pdf"
2001,KS,01,"Kansas Congressional District 1",,,,,"Tracey Mann","Republican","https://environmentalenforcementwatch.org/report_cards/KS01_2024.pdf"
4814,TX,14,"Texas Congressional District 14",,,,,"Randy K. Weber, Sr.","Republican","https://environmentalenforcementwatch.org/report_cards/TX14_2024.pdf"
4824,TX,24,"Texas Congressional District 24",,,,,"Beth Van Duyne","Republican","https://environmentalenforcementwatch.org/report_cards/TX24_2024.pdf"
4836,TX,36,"Texas Congressional District 36",,,,,"Brian Babin","Republican","https://environmentalenforcementwatch.org/report_cards/TX36_2024.pdf"
4838,TX,38,"Texas Congressional District 38",,,,,"Wesley Hunt","Republican","https://environmentalenforcementwatch.org/report_cards/TX38_2024.pdf"
4817,TX,17,"Texas Congressional District 17",,,,,"Pete Sessions","Republican","https://environmentalenforcementwatch.org/report_cards/TX17_2024.pdf"
4818,TX,18,"Texas Congressional District 18",,,,,"Sheila Jackson Lee","Democrat","https://environmentalenforcementwatch.org/report_cards/TX18_2024.pdf"
4003,OK,03,"Oklahoma Congressional District 3",,,,,"Frank D. Lucas","Republican","https://environmentalenforcementwatch.org/report_cards/OK03_2024.pdf"
0406,AZ,06,"Arizona Congressional District 6",,,,,"Juan Ciscomani","Republican","https://environmentalenforcementwatch.org/report_cards/AZ06_2024.pdf"
3503,NM,03,"New Mexico Congressional District 3",,,,,"Teresa Leger Fernandez","Democrat","https://environmentalenforcementwatch.org/report_cards/NM03_2024.pdf"
1703,IL,03,"Illinois Congressional District 3",,,,,"Delia C. Ramirez","Democrat","https://environmentalenforcementwatch.org/report_cards/IL03_2024.pdf"
1701,IL,01,"Illinois Congressional District 1",,,,,"Jonathan L. Jackson","Democrat","https://environmentalenforcementwatch.org/report_cards/IL01_2024.pdf"
1716,IL,16,"Illinois Congressional District 16",,,,,"Darin LaHood","Republican","https://environmentalenforcementwatch.org/report_cards/IL16_2024.pdf"
0628,CA,28,"California Congressional District 28",,,,,"Judy Chu","Democrat","https://environmentalenforcementwatch.org/report_cards/CA28_2024.pdf"
0619,CA,19,"California Congressional District 19",,,,,"Jimmy Panetta","Democrat","https://environmentalenforcementwatch.org/report_cards/CA19_2024.pdf"
1225,FL,25,"Florida Congressional District 25",,,,,"Debbie Wasserman Schultz","Democrat","https://environmentalenforcementwatch.org/report_cards/FL25_2024.pdf"
1502,HI,02,"Hawaii Congressional District 2",,,,,"Jill N. Tokuda","Democrat","https://environmentalenforcementwatch.org/report_cards/HI02_2024.pdf"
1809,IN,09,"Indiana Congressional District 9",,,,,"Erin Houchin","Republican","https://environmentalenforcementwatch.org/report_cards/IN09_2024.pdf"
2101,KY,01,"Kentucky Congressional District 1",,,,,"James Comer","Republican","https://environmentalenforcementwatch.org/report_cards/KY01_2024.pdf"
2102,KY,02,"Kentucky Congressional District 2",,,,,"Brett Guthrie","Republican","https://environmentalenforcementwatch.org/report_cards/KY02_2024.pdf"
2301,ME,01,"Maine Congressional District 1",,,,,"Chellie Pingree","Democrat","https://environmentalenforcementwatch.org/report_cards/ME01_2024.pdf"
2302,ME,02,"Maine Congressional District 2",,,,,"Jared F. Golden","Democrat","https://environmentalenforcementwatch.org/report_cards/ME02_2024.pdf"
2401,MD,01,"Maryland Congressional District 1",,,,,"Andy Harris","Republican","https://environmentalenforcementwatch.org/report_cards/MD01_2024.pdf"
2804,MS,04,"Mississippi Congressional District 4",,,,,"Mike Ezell","Republican","https://environmentalenforcementwatch.org/report_cards/MS04_2024.pdf"
2802,MS,02,"Mississippi Congressional District 2",,,,,"Bennie G. Thompson","Democrat","https://environmentalenforcementwatch.org/report_cards/MS02_2024.pdf"
3001,MT,01,"Montana Congressional District 1",,,,,"Ryan K. Zinke","Republican","https://environmentalenforcementwatch.org/report_cards/MT01_2024.pdf"
3103,NE,03,"Nebraska Congressional District 3",,,,,"Adrian Smith","Republican","https://environmentalenforcementwatch.org/report_cards/NE03_2024.pdf"
3204,NV,04,"Nevada Congressional District 4",,,,,"Steven Horsford","Democrat","https://environmentalenforcementwatch.org/report_cards/NV04_2024.pdf"
3302,NH,02,"New Hampshire Congressional District 2",,,,,"Ann M. Kuster","Democrat","https://environmentalenforcementwatch.org/report_cards/NH02_2024.pdf"
0624,CA,24,"California Congressional District 24",,,,,"Salud O. Carbajal","Democrat","https://environmentalenforcementwatch.org/report_cards/CA24_2024.pdf"
4831,TX,31,"Texas Congressional District 31",,,,,"John R. Carter","Republican","https://environmentalenforcementwatch.org/report_cards/TX31_2024.pdf"
1201,FL,01,"Florida Congressional District 1",,,,,"Matt Gaetz","Republican","https://environmentalenforcementwatch.org/report_cards/FL01_2024.pdf"
4505,SC,05,"South Carolina Congressional District 5",,,,,"Ralph Norman","Republican","https://environmentalenforcementwatch.org/report_cards/SC05_2024.pdf"
4501,SC,01,"South Carolina Congressional District 1",,,,,"Nancy Mace","Republican","https://environmentalenforcementwatch.org/report_cards/SC01_2024.pdf"
5305,WA,05,"Washington Congressional District 5",,,,,"Cathy McMorris Rodgers","Republican","https://environmentalenforcementwatch.org/report_cards/WA05_2024.pdf"
0802,CO,02,"Colorado Congressional District 2",,,,,"Joe Neguse","Democrat","https://environmentalenforcementwatch.org/report_cards/CO02_2024.pdf"
4825,TX,25,"Texas Congressional District 25",,,,,"Roger Williams","Republican","https://environmentalenforcementwatch.org/report_cards/TX25_2024.pdf"
0604,CA,04,"California Congressional District 4",,,,,"Mike Thompson","Democrat","https://environmentalenforcementwatch.org/report_cards/CA04_2024.pdf"
1602,ID,02,"Idaho Congressional District 2",,,,,"Michael K. Simpson","Republican","https://environmentalenforcementwatch.org/report_cards/ID02_2024.pdf"
2608,MI,08,"Michigan Congressional District 8",,,,,"Daniel T. Kildee","Democrat","https://environmentalenforcementwatch.org/report_cards/MI08_2024.pdf"
3911,OH,11,"Ohio Congressional District 11",,,,,"Shontel M. Brown","Democrat","https://environmentalenforcementwatch.org/report_cards/OH11_2024.pdf"
0502,AR,02,"Arkansas Congressional District 2",,,,,"J. French Hill","Republican","https://environmentalenforcementwatch.org/report_cards/AR02_2024.pdf"
1714,IL,14,"Illinois Congressional District 14",,,,,"Lauren Underwood","Democrat","https://environmentalenforcementwatch.org/report_cards/IL14_2024.pdf"
0644,CA,44,"California Congressional District 44",,,,,"Nanette Diaz Barragán","Democrat","https://environmentalenforcementwatch.org/report_cards/CA44_2024.pdf"
1710,IL,10,"Illinois Congressional District 10",,,,,"Bradley Scott Schneider","Democrat","https://environmentalenforcementwatch.org/report_cards/IL10_2024.pdf"
1705,IL,05,"Illinois Congressional District 5",,,,,"Mike Quigley","Democrat","https://environmentalenforcementwatch.org/report_cards/IL05_2024.pdf"
1715,IL,15,"Illinois Congressional District 15",,,,,"Mary E. Miller","Republican","https://environmentalenforcementwatch.org/report_cards/IL15_2024.pdf"
1702,IL,02,"Illinois Congressional District 2",,,,,"Robin L. Kelly","Democrat","https://environmentalenforcementwatch.org/report_cards/IL02_2024.pdf"
1904,IA,04,"Iowa Congressional District 4",,,,,"Randy Feenstra","Republican","https://environmentalenforcementwatch.org/report_cards/IA04_2024.pdf"
1902,IA,02,"Iowa Congressional District 2",,,,,"Ashley Hinson","Republican","https://environmentalenforcementwatch.org/report_cards/IA02_2024.pdf"
1302,GA,02,"Georgia Congressional District 2",,,,,"Sanford D. Bishop, Jr.","Democrat","https://environmentalenforcementwatch.org/report_cards/GA02_2024.pdf"
1303,GA,03,"Georgia Congressional District 3",,,,,"A. Drew Ferguson IV","Republican","https://environmentalenforcementwatch.org/report_cards/GA03_2024.pdf"
1309,GA,09,"Georgia Congressional District 9",,,,,"Andrew S. Clyde","Republican","https://environmentalenforcementwatch.org/report_cards/GA09_2024.pdf"
1310,GA,10,"Georgia Congressional District 10",,,,,"Mike Collins","Republican","https://environmentalenforcementwatch.org/report_cards/GA10_2024.pdf"
3623,NY,23,"New York Congressional District 23",,,,,"Nicholas A. Langworthy","Republican","https://environmentalenforcementwatch.org/report_cards/NY23_2024.pdf"
3624,NY,24,"New York Congressional District 24",,,,,"Claudia Tenney","Republican","https://environmentalenforcementwatch.org/report_cards/NY24_2024.pdf"
3621,NY,21,"New York Congressional District 21",,,,,"Elise M. Stefanik","Republican","https://environmentalenforcementwatch.org/report_cards/NY21_2024.pdf"
3711,NC,11,"North Carolina Congressional District 11",,,,,"Chuck Edwards","Republican","https://environmentalenforcementwatch.org/report_cards/NC11_2024.pdf"
3703,NC,03,"North Carolina Congressional District 3",,,,,"Gregory F. Murphy","Republican","https://environmentalenforcementwatch.org/report_cards/NC03_2024.pdf"
3705,NC,05,"North Carolina Congressional District 5",,,,,"Virginia Foxx","Republican","https://environmentalenforcementwatch.org/report_cards/NC05_2024.pdf"
3708,NC,08,"North Carolina Congressional District 8",,,,,"Dan Bishop","Republican","https://environmentalenforcementwatch.org/report_cards/NC08_2024.pdf"
5508,WI,08,"Wisconsin Congressional District 8",,,,,"Mike Gallagher","Republican","https://environmentalenforcementwatch.org/report_cards/WI08_2024.pdf"
2509,MA,09,"Massachusetts Congressional District 9",,,,,"William R. Keating","Democrat","https://environmentalenforcementwatch.org/report_cards/MA09_2024.pdf"
2508,MA,08,"Massachusetts Congressional District 8",,,,,"Stephen F. Lynch","Democrat","https://environmentalenforcementwatch.org/report_cards/MA08_2024.pdf"
3909,OH,09,"Ohio Congressional District 9",,,,,"Marcy Kaptur","Democrat","https://environmentalenforcementwatch.org/report_cards/OH09_2024.pdf"
0804,CO,04,"Colorado Congressional District 4",,,,,"Ken Buck","Republican","https://environmentalenforcementwatch.org/report_cards/CO04_2024.pdf"
4813,TX,13,"Texas Congressional District 13",,,,,"Ronny Jackson","Republican","https://environmentalenforcementwatch.org/report_cards/TX13_2024.pdf"
5109,VA,09,"Virginia Congressional District 9",,,,,"H. Morgan Griffith","Republican","https://environmentalenforcementwatch.org/report_cards/VA09_2024.pdf"
0902,CT,02,"Connecticut Congressional District 2",,,,,"Joe Courtney","Democrat","https://environmentalenforcementwatch.org/report_cards/CT02_2024.pdf"
2203,LA,03,"Louisiana Congressional District 3",,,,,"Clay Higgins","Republican","https://environmentalenforcementwatch.org/report_cards/LA03_2024.pdf"
4215,PA,15,"Pennsylvania Congressional District 15",,,,,"Glenn Thompson","Republican","https://environmentalenforcementwatch.org/report_cards/PA15_2024.pdf"
0605,CA,05,"California Congressional District 5",,,,,"Tom McClintock","Republican","https://environmentalenforcementwatch.org/report_cards/CA05_2024.pdf"
4828,TX,28,"Texas Congressional District 28",,,,,"Henry Cuellar","Democrat","https://environmentalenforcementwatch.org/report_cards/TX28_2024.pdf"
4216,PA,16,"Pennsylvania Congressional District 16",,,,,"Mike Kelly","Republican","https://environmentalenforcementwatch.org/report_cards/PA16_2024.pdf"
4701,TN,01,"Tennessee Congressional District 1",,,,,"Diana Harshbarger","Republican","https://environmentalenforcementwatch.org/report_cards/TN01_2024.pdf"
5401,WV,01,"West Virginia Congressional District 1",,,,,"Carol D. Miller","Republican","https://environmentalenforcementwatch.org/report_cards/WV01_2024.pdf"
5600,WY,00,"Wyoming Congressional District (at Large)",,,,,"Harriet M. Hageman","Republican","https://environmentalenforcementwatch.org/report_cards/WY00_2024.pdf"
4821,TX,21,"Texas Congressional District 21",,,,,"Chip Roy","Republican","https://environmentalenforcementwatch.org/report_cards/TX21_2024.pdf"
4706,TN,06,"Tennessee Congressional District 6",,,,,"John W. Rose","Republican","https://environmentalenforcementwatch.org/report_cards/TN06_2024.pdf"
0402,AZ,02,"Arizona Congressional District 2",,,,,"Elijah Crane","Republican","https://environmentalenforcementwatch.org/report_cards/AZ02_2024.pdf"
2405,MD,05,"Maryland Congressional District 5",,,,,"Steny H. Hoyer","Democrat","https://environmentalenforcementwatch.org/report_cards/MD05_2024.pdf"
4504,SC,04,"South Carolina Congressional District 4",,,,,"William R. Timmons IV","Republican","https://environmentalenforcementwatch.org/report_cards/SC04_2024.pdf"
0601,CA,01,"California Congressional District 1",,,,,"Doug LaMalfa","Republican","https://environmentalenforcementwatch.org/report_cards/CA01_2024.pdf"
3713,NC,13,"North Carolina Congressional District 13",,,,,"Wiley Nickel","Democrat","https://environmentalenforcementwatch.org/report_cards/NC13_2024.pdf"
4001,OK,01,"Oklahoma Congressional District 1",,,,,"Kevin Hern","Republican","https://environmentalenforcementwatch.org/report_cards/OK01_2024.pdf"
2903,MO,03,"Missouri Congressional District 3",,,,,"Blaine Luetkemeyer","Republican","https://environmentalenforcementwatch.org/report_cards/MO03_2024.pdf"
4101,OR,01,"Oregon Congressional District 1",,,,,"Suzanne Bonamici","Democrat","https://environmentalenforcementwatch.org/report_cards/OR01_2024.pdf"
5106,VA,06,"Virginia Congressional District 6",,,,,"Ben Cline","Republican","https://environmentalenforcementwatch.org/report_cards/VA06_2024.pdf"
0102,AL,02,"Alabama Congressional District 2",,,,,"Barry Moore","Republican","https://environmentalenforcementwatch.org/report_cards/AL02_2024.pdf"
1219,FL,19,"Florida Congressional District 19",,,,,"Byron Donalds","Republican","https://environmentalenforcementwatch.org/report_cards/FL19_2024.pdf"
5000,VT,00,"Vermont Congressional District (at Large)",,,,,"Becca Balint","Democrat","https://environmentalenforcementwatch.org/report_cards/VT00_2024.pdf"
2708,MN,08,"Minnesota Congressional District 8",,,,,"Pete Stauber","Republican","https://environmentalenforcementwatch.org/report_cards/MN08_2024.pdf"
4507,SC,07,"South Carolina Congressional District 7",,,,,"Russell Fry","Republican","https://environmentalenforcementwatch.org/report_cards/SC07_2024.pdf"
5506,WI,06,"Wisconsin Congressional District 6",,,,,"Glenn Grothman","Republican","https://environmentalenforcementwatch.org/report_cards/WI06_2024.pdf"
4835,TX,35,"Texas Congressional District 35",,,,,"Greg Casar","Democrat","https://environmentalenforcementwatch.org/report_cards/TX35_2024.pdf"
1712,IL,12,"Illinois Congressional District 12",,,,,"Mike Bost","Republican","https://environmentalenforcementwatch.org/report_cards/IL12_2024.pdf"
4105,OR,05,"Oregon Congressional District 5",,,,,"Lori Chavez-DeRemer","Republican","https://environmentalenforcementwatch.org/report_cards/OR05_2024.pdf"
7298,PR,98,"Puerto Rico Resident Commissioner District (at Large)",,,,,"Jenniffer González-Colón","Republican","https://environmentalenforcementwatch.org/report_cards/PR00_2024.pdf"
4834,TX,34,"Texas Congressional District 34",,,,,"Vicente Gonzalez","Democrat","https://environmentalenforcementwatch.org/report_cards/TX34_2024.pdf"
4804,TX,04,"Texas Congressional District 4",,,,,"Pat Fallon","Republican","https://environmentalenforcementwatch.org/report_cards/TX04_2024.pdf"
4002,OK,02,"Oklahoma Congressional District 2",,,,,"Josh Brecheen","Republican","https://environmentalenforcementwatch.org/report_cards/OK02_2024.pdf"
1713,IL,13,"Illinois Congressional District 13",,,,,"Nikki Budzinski","Democrat","https://environmentalenforcementwatch.org/report_cards/IL13_2024.pdf"
1203,FL,03,"Florida Congressional District 3",,,,,"Kat Cammack","Republican","https://environmentalenforcementwatch.org/report_cards/FL03_2024.pdf"
1210,FL,10,"Florida Congressional District 10",,,,,"Maxwell Frost","Democrat","https://environmentalenforcementwatch.org/report_cards/FL10_2024.pdf"
1601,ID,01,"Idaho Congressional District 1",,,,,"Russ Fulcher","Republican","https://environmentalenforcementwatch.org/report_cards/ID01_2024.pdf"
3202,NV,02,"Nevada Congressional District 2",,,,,"Mark E. Amodei","Republican","https://environmentalenforcementwatch.org/report_cards/NV02_2024.pdf"
3701,NC,01,"North Carolina Congressional District 1",,,,,"Donald G. Davis","Democrat","https://environmentalenforcementwatch.org/report_cards/NC01_2024.pdf"
5503,WI,03,"Wisconsin Congressional District 3",,,,,"Derrick Van Orden","Republican","https://environmentalenforcementwatch.org/report_cards/WI03_2024.pdf"
4704,TN,04,"Tennessee Congressional District 4",,,,,"Scott DesJarlais","Republican","https://environmentalenforcementwatch.org/report_cards/TN04_2024.pdf"
2609,MI,09,"Michigan Congressional District 9",,,,,"Lisa C. McClain","Republican","https://environmentalenforcementwatch.org/report_cards/MI09_2024.pdf"
5303,WA,03,"Washington Congressional District 3",,,,,"Marie Gluesenkamp Perez","Democrat","https://environmentalenforcementwatch.org/report_cards/WA03_2024.pdf"
5302,WA,02,"Washington Congressional District 2",,,,,"Rick Larsen","Democrat","https://environmentalenforcementwatch.org/report_cards/WA02_2024.pdf"
3707,NC,07,"North Carolina Congressional District 7",,,,,"David Rouzer","Republican","https://environmentalenforcementwatch.org/report_cards/NC07_2024.pdf"
0107,AL,07,"Alabama Congressional District 7",,,,,"Terri A. Sewell","Democrat","https://environmentalenforcementwatch.org/report_cards/AL07_2024.pdf"
0106,AL,06,"Alabama Congressional District 6",,,,,"Gary J. Palmer","Republican","https://environmentalenforcementwatch.org/report_cards/AL06_2024.pdf"
4833,TX,33,"Texas Congressional District 33",,,,,"Marc A. Veasey","Democrat","https://environmentalenforcementwatch.org/report_cards/TX33_2024.pdf"
1805,IN,05,"Indiana Congressional District 5",,,,,"Victoria Spartz","Republican","https://environmentalenforcementwatch.org/report_cards/IN05_2024.pdf"
2701,MN,01,"Minnesota Congressional District 1",,,,,"Brad Finstad","Republican","https://environmentalenforcementwatch.org/report_cards/MN01_2024.pdf"
4600,SD,00,"South Dakota Congressional District (at Large)",,,,,"Dusty Johnson","Republican","https://environmentalenforcementwatch.org/report_cards/SD00_2024.pdf"
5102,VA,02,"Virginia Congressional District 2",,,,,"Jennifer Kiggans","Republican","https://environmentalenforcementwatch.org/report_cards/VA02_2024.pdf"
0602,CA,02,"California Congressional District 2",,,,,"Jared Huffman","Democrat","https://environmentalenforcementwatch.org/report_cards/CA02_2024.pdf"
1807,IN,07,"Indiana Congressional District 7",,,,,"André Carson","Democrat","https://environmentalenforcementwatch.org/report_cards/IN07_2024.pdf"
2906,MO,06,"Missouri Congressional District 6",,,,,"Sam Graves","Republican","https://environmentalenforcementwatch.org/report_cards/MO06_2024.pdf"
4806,TX,06,"Texas Congressional District 6",,,,,"Jake Ellzey","Republican","https://environmentalenforcementwatch.org/report_cards/TX06_2024.pdf"
3902,OH,02,"Ohio Congressional District 2",,,,,"Brad R. Wenstrup","Republican","https://environmentalenforcementwatch.org/report_cards/OH02_2024.pdf"
4903,UT,03,"Utah Congressional District 3",,,,,"John R. Curtis","Republican","https://environmentalenforcementwatch.org/report_cards/UT03_2024.pdf"
4902,UT,02,"Utah Congressional District 2",,,,,"Chris Stewart","Republican","https://environmentalenforcementwatch.org/report_cards/UT02_2024.pdf"
4703,TN,03,"Tennessee Congressional District 3",,,,,"Charles J. &quot;Chuck&quot; Fleischmann","Republican","https://environmentalenforcementwatch.org/report_cards/TN03_2024.pdf"
4709,TN,09,"Tennessee Congressional District 9",,,,,"Steve Cohen","Democrat","https://environmentalenforcementwatch.org/report_cards/TN09_2024.pdf"
4708,TN,08,"Tennessee Congressional District 8",,,,,"David Kustoff","Republican","https://environmentalenforcementwatch.org/report_cards/TN08_2024.pdf"
4705,TN,05,"Tennessee Congressional District 5",,,,,"Andrew Ogles","Republican","https://environmentalenforcementwatch.org/report_cards/TN05_2024.pdf"
4506,SC,06,"South Carolina Congressional District 6",,,,,"James E. Clyburn","Democrat","https://environmentalenforcementwatch.org/report_cards/SC06_2024.pdf"
2601,MI,01,"Michigan Congressional District 1",,,,,"Jack Bergman","Republican","https://environmentalenforcementwatch.org/report_cards/MI01_2024.pdf"
2605,MI,05,"Michigan Congressional District 5",,,,,"Tim Walberg","Republican","https://environmentalenforcementwatch.org/report_cards/MI05_2024.pdf"
5308,WA,08,"Washington Congressional District 8",,,,,"Kim Schrier","Democrat","https://environmentalenforcementwatch.org/report_cards/WA08_2024.pdf"
2202,LA,02,"Louisiana Congressional District 2",,,,,"Troy A. Carter","Democrat","https://environmentalenforcementwatch.org/report_cards/LA02_2024.pdf"
2204,LA,04,"Louisiana Congressional District 4",,,,,"Mike Johnson","Republican","https://environmentalenforcementwatch.org/report_cards/LA04_2024.pdf"
2205,LA,05,"Louisiana Congressional District 5",,,,,"Julia Letlow","Republican","https://environmentalenforcementwatch.org/report_cards/LA05_2024.pdf"
2206,LA,06,"Louisiana Congressional District 6",,,,,"Garret Graves","Republican","https://environmentalenforcementwatch.org/report_cards/LA06_2024.pdf"
0623,CA,23,"California Congressional District 23",,,,,"Jay Obernolte","Republican","https://environmentalenforcementwatch.org/report_cards/CA23_2024.pdf"
0650,CA,50,"California Congressional District 50",,,,,"Scott H. Peters","Democrat","https://environmentalenforcementwatch.org/report_cards/CA50_2024.pdf"
1901,IA,01,"Iowa Congressional District 1",,,,,"Mariannette Miller-Meeks","Republican","https://environmentalenforcementwatch.org/report_cards/IA01_2024.pdf"
3301,NH,01,"New Hampshire Congressional District 1",,,,,"Chris Pappas","Democrat","https://environmentalenforcementwatch.org/report_cards/NH01_2024.pdf"
4503,SC,03,"South Carolina Congressional District 3",,,,,"Jeff Duncan","Republican","https://environmentalenforcementwatch.org/report_cards/SC03_2024.pdf"
0101,AL,01,"Alabama Congressional District 1",,,,,"Jerry L. Carl","Republican","https://environmentalenforcementwatch.org/report_cards/AL01_2024.pdf"
2201,LA,01,"Louisiana Congressional District 1",,,,,"Steve Scalise","Republican","https://environmentalenforcementwatch.org/report_cards/LA01_2024.pdf"
5306,WA,06,"Washington Congressional District 6",,,,,"Derek Kilmer","Democrat","https://environmentalenforcementwatch.org/report_cards/WA06_2024.pdf"
0501,AR,01,"Arkansas Congressional District 1",,,,,"Eric A. &quot;Rick&quot; Crawford","Republican","https://environmentalenforcementwatch.org/report_cards/AR01_2024.pdf"
2501,MA,01,"Massachusetts Congressional District 1",,,,,"Richard E. Neal","Democrat","https://environmentalenforcementwatch.org/report_cards/MA01_2024.pdf"
2503,MA,03,"Massachusetts Congressional District 3",,,,,"Lori Trahan","Democrat","https://environmentalenforcementwatch.org/report_cards/MA03_2024.pdf"
2801,MS,01,"Mississippi Congressional District 1",,,,,"Trent Kelly","Republican","https://environmentalenforcementwatch.org/report_cards/MS01_2024.pdf"
3603,NY,03,"New York Congressional District 3",,,,,"George Santos","Republican","https://environmentalenforcementwatch.org/report_cards/NY03_2024.pdf"
0610,CA,10,"California Congressional District 10",,,,,"Mark DeSaulnier","Democrat","https://environmentalenforcementwatch.org/report_cards/CA10_2024.pdf"
0633,CA,33,"California Congressional District 33",,,,,"Pete Aguilar","Democrat","https://environmentalenforcementwatch.org/report_cards/CA33_2024.pdf"
5505,WI,05,"Wisconsin Congressional District 5",,,,,"Scott Fitzgerald","Republican","https://environmentalenforcementwatch.org/report_cards/WI05_2024.pdf"
7898,VI,98,"Virgin Islands Delegate District (at Large)",,,,,"Stacey E. Plaskett","Democrat","https://environmentalenforcementwatch.org/report_cards/VI00_2024.pdf"
0612,CA,12,"California Congressional District 12",,,,,"Barbara Lee","Democrat","https://environmentalenforcementwatch.org/report_cards/CA12_2024.pdf"
0606,CA,06,"California Congressional District 6",,,,,"Ami Bera","Democrat","https://environmentalenforcementwatch.org/report_cards/CA06_2024.pdf"
0503,AR,03,"Arkansas Congressional District 3",,,,,"Steve Womack","Republican","https://environmentalenforcementwatch.org/report_cards/AR03_2024.pdf"
1704,IL,04,"Illinois Congressional District 4",,,,,"Jesús G. &quot;Chuy&quot; García","Democrat","https://environmentalenforcementwatch.org/report_cards/IL04_2024.pdf"
3903,OH,03,"Ohio Congressional District 3",,,,,"Joyce Beatty","Democrat","https://environmentalenforcementwatch.org/report_cards/OH03_2024.pdf"
4210,PA,10,"Pennsylvania Congressional District 10",,,,,"Scott Perry","Republican","https://environmentalenforcementwatch.org/report_cards/PA10_2024.pdf"
1314,GA,14,"Georgia Congressional District 14",,,,,"Marjorie Taylor Greene","Republican","https://environmentalenforcementwatch.org/report_cards/GA14_2024.pdf"
2103,KY,03,"Kentucky Congressional District 3",,,,,"Morgan McGarvey","Democrat","https://environmentalenforcementwatch.org/report_cards/KY03_2024.pdf"
3602,NY,02,"New York Congressional District 2",,,,,"Andrew R. Garbarino","Republican","https://environmentalenforcementwatch.org/report_cards/NY02_2024.pdf"
5103,VA,03,"Virginia Congressional District 3",,,,,"Robert C. &quot;Bobby&quot; Scott","Democrat","https://environmentalenforcementwatch.org/report_cards/VA03_2024.pdf"
3622,NY,22,"New York Congressional District 22",,,,,"Brandon Williams","Republican","https://environmentalenforcementwatch.org/report_cards/NY22_2024.pdf"
3710,NC,10,"North Carolina Congressional District 10",,,,,"Patrick T. McHenry","Republican","https://environmentalenforcementwatch.org/report_cards/NC10_2024.pdf"
0614,CA,14,"California Congressional District 14",,,,,"Eric Swalwell","Democrat","https://environmentalenforcementwatch.org/report_cards/CA14_2024.pdf"
0901,CT,01,"Connecticut Congressional District 1",,,,,"John B. Larson","Democrat","https://environmentalenforcementwatch.org/report_cards/CT01_2024.pdf"
2402,MD,02,"Maryland Congressional District 2",,,,,"C. A. Dutch Ruppersberger","Democrat","https://environmentalenforcementwatch.org/report_cards/MD02_2024.pdf"
3410,NJ,10,"New Jersey Congressional District 10",,,,,"Donald M. Payne, Jr.","Democrat","https://environmentalenforcementwatch.org/report_cards/NJ10_2024.pdf"
3618,NY,18,"New York Congressional District 18",,,,,"Patrick Ryan","Democrat","https://environmentalenforcementwatch.org/report_cards/NY18_2024.pdf"
0635,CA,35,"California Congressional District 35",,,,,"Norma J. Torres","Democrat","https://environmentalenforcementwatch.org/report_cards/CA35_2024.pdf"
0801,CO,01,"Colorado Congressional District 1",,,,,"Diana DeGette","Democrat","https://environmentalenforcementwatch.org/report_cards/CO01_2024.pdf"
1304,GA,04,"Georgia Congressional District 4",,,,,"Henry C. &quot;Hank&quot; Johnson, Jr.","Democrat","https://environmentalenforcementwatch.org/report_cards/GA04_2024.pdf"
3910,OH,10,"Ohio Congressional District 10",,,,,"Michael R. Turner","Republican","https://environmentalenforcementwatch.org/report_cards/OH10_2024.pdf"
4809,TX,09,"Texas Congressional District 9",,,,,"Al Green","Democrat","https://environmentalenforcementwatch.org/report_cards/TX09_2024.pdf"
2606,MI,06,"Michigan Congressional District 6",,,,,"Debbie Dingell","Democrat","https://environmentalenforcementwatch.org/report_cards/MI06_2024.pdf"
3626,NY,26,"New York Congressional District 26",,,,,"Brian Higgins","Democrat","https://environmentalenforcementwatch.org/report_cards/NY26_2024.pdf"
0631,CA,31,"California Congressional District 31",,,,,"Grace F. Napolitano","Democrat","https://environmentalenforcementwatch.org/report_cards/CA31_2024.pdf"
1212,FL,12,"Florida Congressional District 12",,,,,"Gus M. Bilirakis","Republican","https://environmentalenforcementwatch.org/report_cards/FL12_2024.pdf"
3203,NV,03,"Nevada Congressional District 3",,,,,"Susie Lee","Democrat","https://environmentalenforcementwatch.org/report_cards/NV03_2024.pdf"
3712,NC,12,"North Carolina Congressional District 12",,,,,"Alma S. Adams","Democrat","https://environmentalenforcementwatch.org/report_cards/NC12_2024.pdf"
0647,CA,47,"California Congressional District 47",,,,,"Katie Porter","Democrat","https://environmentalenforcementwatch.org/report_cards/CA47_2024.pdf"
2507,MA,07,"Massachusetts Congressional District 7",,,,,"Ayanna Pressley","Democrat","https://environmentalenforcementwatch.org/report_cards/MA07_2024.pdf"
3608,NY,08,"New York Congressional District 8",,,,,"Hakeem S. Jeffries","Democrat","https://environmentalenforcementwatch.org/report_cards/NY08_2024.pdf"
0630,CA,30,"California Congressional District 30",,,,,"Adam B. Schiff","Democrat","https://environmentalenforcementwatch.org/report_cards/CA30_2024.pdf"
5309,WA,09,"Washington Congressional District 9",,,,,"Adam Smith","Democrat","https://environmentalenforcementwatch.org/report_cards/WA09_2024.pdf"
4005,OK,05,"Oklahoma Congressional District 5",,,,,"Stephanie I. Bice","Republican","https://environmentalenforcementwatch.org/report_cards/OK05_2024.pdf"
4807,TX,07,"Texas Congressional District 7",,,,,"Lizzie Fletcher","Democrat","https://environmentalenforcementwatch.org/report_cards/TX07_2024.pdf"
6098,AS,98,"American Samoa Delegate District (at Large)",,,,,"Aumua Amata Coleman Radewagen","Republican","https://environmentalenforcementwatch.org/report_cards/AS00_2024.pdf"
6698,GU,98,"Guam Delegate District (at Large)",,,,,"James C. Moylan","Republican","https://environmentalenforcementwatch.org/report_cards/GU00_2024.pdf"
0649,CA,49,"California Congressional District 49",,,,,"Mike Levin","Democrat","https://environmentalenforcementwatch.org/report_cards/CA49_2024.pdf"
1228,FL,28,"Florida Congressional District 28",,,,,"Carlos A. Gimenez","Republican","https://environmentalenforcementwatch.org/report_cards/FL28_2024.pdf"
1214,FL,14,"Florida Congressional District 14",,,,,"Kathy Castor","Democrat","https://environmentalenforcementwatch.org/report_cards/FL14_2024.pdf"
3706,NC,06,"North Carolina Congressional District 6",,,,,"Kathy E. Manning","Democrat","https://environmentalenforcementwatch.org/report_cards/NC06_2024.pdf"
3616,NY,16,"New York Congressional District 16",,,,,"Jamaal Bowman","Democrat","https://environmentalenforcementwatch.org/report_cards/NY16_2024.pdf"
0640,CA,40,"California Congressional District 40",,,,,"Young Kim","Republican","https://environmentalenforcementwatch.org/report_cards/CA40_2024.pdf"
0609,CA,09,"California Congressional District 9",,,,,"Josh Harder","Democrat","https://environmentalenforcementwatch.org/report_cards/CA09_2024.pdf"
3201,NV,01,"Nevada Congressional District 1",,,,,"Dina Titus","Democrat","https://environmentalenforcementwatch.org/report_cards/NV01_2024.pdf"
6998,MP,98,"Northern Mariana Islands Delegate District (at Large)",,,,,"Gregorio Kilili Camacho Sablan","Democrat","https://environmentalenforcementwatch.org/report_cards/MP00_2024.pdf"
1220,FL,20,"Florida Congressional District 20",,,,,"Sheila Cherfilus-McCormick","Democrat","https://environmentalenforcementwatch.org/report_cards/FL20_2024.pdf"
0404,AZ,04,"Arizona Congressional District 4",,,,,"Greg Stanton","Democrat","https://environmentalenforcementwatch.org/report_cards/AZ04_2024.pdf"
3102,NE,02,"Nebraska Congressional District 2",,,,,"Don Bacon","Republican","https://environmentalenforcementwatch.org/report_cards/NE02_2024.pdf"
3406,NJ,06,"New Jersey Congressional District 6",,,,,"Frank Pallone, Jr.","Democrat","https://environmentalenforcementwatch.org/report_cards/NJ06_2024.pdf"
3615,NY,15,"New York Congressional District 15",,,,,"Ritchie Torres","Democrat","https://environmentalenforcementwatch.org/report_cards/NY15_2024.pdf"
4402,RI,02,"Rhode Island Congressional District 2",,,,,"Seth Magaziner","Democrat","https://environmentalenforcementwatch.org/report_cards/RI02_2024.pdf"
1211,FL,11,"Florida Congressional District 11",,,,,"Daniel Webster","Republican","https://environmentalenforcementwatch.org/report_cards/FL11_2024.pdf"
1209,FL,09,"Florida Congressional District 9",,,,,"Darren Soto","Democrat","https://environmentalenforcementwatch.org/report_cards/FL09_2024.pdf"
1313,GA,13,"Georgia Congressional District 13",,,,,"David Scott","Democrat","https://environmentalenforcementwatch.org/report_cards/GA13_2024.pdf"
1501,HI,01,"Hawaii Congressional District 1",,,,,"Ed Case","Democrat","https://environmentalenforcementwatch.org/report_cards/HI01_2024.pdf"
1213,FL,13,"Florida Congressional District 13",,,,,"Anna Paulina Luna","Republican","https://environmentalenforcementwatch.org/report_cards/FL13_2024.pdf"
3403,NJ,03,"New Jersey Congressional District 3",,,,,"Andy Kim","Democrat","https://environmentalenforcementwatch.org/report_cards/NJ03_2024.pdf"
4103,OR,03,"Oregon Congressional District 3",,,,,"Earl Blumenauer","Democrat","https://environmentalenforcementwatch.org/report_cards/OR03_2024.pdf"
2705,MN,05,"Minnesota Congressional District 5",,,,,"Ilhan Omar","Democrat","https://environmentalenforcementwatch.org/report_cards/MN05_2024.pdf"
2704,MN,04,"Minnesota Congressional District 4",,,,,"Betty McCollum","Democrat","https://environmentalenforcementwatch.org/report_cards/MN04_2024.pdf"
4203,PA,03,"Pennsylvania Congressional District 3",,,,,"Dwight Evans","Democrat","https://environmentalenforcementwatch.org/report_cards/PA03_2024.pdf"
3412,NJ,12,"New Jersey Congressional District 12",,,,,"Bonnie Watson Coleman","Democrat","https://environmentalenforcementwatch.org/report_cards/NJ12_2024.pdf"
3404,NJ,04,"New Jersey Congressional District 4",,,,,"Christopher H. Smith","Republican","https://environmentalenforcementwatch.org/report_cards/NJ04_2024.pdf"
4213,PA,13,"Pennsylvania Congressional District 13",,,,,"John Joyce","Republican","https://environmentalenforcementwatch.org/report_cards/PA13_2024.pdf"
4217,PA,17,"Pennsylvania Congressional District 17",,,,,"Christopher R. Deluzio","Democrat","https://environmentalenforcementwatch.org/report_cards/PA17_2024.pdf"
4204,PA,04,"Pennsylvania Congressional District 4",,,,,"Madeleine Dean","Democrat","https://environmentalenforcementwatch.org/report_cards/PA04_2024.pdf"
4207,PA,07,"Pennsylvania Congressional District 7",,,,,"Susan Wild","Democrat","https://environmentalenforcementwatch.org/report_cards/PA07_2024.pdf"
5108,VA,08,"Virginia Congressional District 8",,,,,"Donald S. Beyer, Jr.","Democrat","https://environmentalenforcementwatch.org/report_cards/VA08_2024.pdf"
5111,VA,11,"Virginia Congressional District 11",,,,,"Gerald E. Connolly","Democrat","https://environmentalenforcementwatch.org/report_cards/VA11_2024.pdf"
2703,MN,03,"Minnesota Congressional District 3",,,,,"Dean Phillips","Democrat","https://environmentalenforcementwatch.org/report_cards/MN03_2024.pdf"
0626,CA,26,"California Congressional District 26",,,,,"Julia Brownley","Democrat","https://environmentalenforcementwatch.org/report_cards/CA26_2024.pdf"
0808,CO,08,"Colorado Congressional District 8",,,,,"Yadira Caraveo","Democrat","https://environmentalenforcementwatch.org/report_cards/CO08_2024.pdf"
0805,CO,05,"Colorado Congressional District 5",,,,,"Doug Lamborn","Republican","https://environmentalenforcementwatch.org/report_cards/CO05_2024.pdf"
2003,KS,03,"Kansas Congressional District 3",,,,,"Sharice Davids","Democrat","https://environmentalenforcementwatch.org/report_cards/KS03_2024.pdf"
2004,KS,04,"Kansas Congressional District 4",,,,,"Ron Estes","Republican","https://environmentalenforcementwatch.org/report_cards/KS04_2024.pdf"
4803,TX,03,"Texas Congressional District 3",,,,,"Keith Self","Republican","https://environmentalenforcementwatch.org/report_cards/TX03_2024.pdf"
4816,TX,16,"Texas Congressional District 16",,,,,"Veronica Escobar","Democrat","https://environmentalenforcementwatch.org/report_cards/TX16_2024.pdf"
4837,TX,37,"Texas Congressional District 37",,,,,"Lloyd Doggett","Democrat","https://environmentalenforcementwatch.org/report_cards/TX37_2024.pdf"
4829,TX,29,"Texas Congressional District 29",,,,,"Sylvia R. Garcia","Democrat","https://environmentalenforcementwatch.org/report_cards/TX29_2024.pdf"
0642,CA,42,"California Congressional District 42",,,,,"Robert Garcia","Democrat","https://environmentalenforcementwatch.org/report_cards/CA42_2024.pdf"
4811,TX,11,"Texas Congressional District 11",,,,,"August Pfluger","Republican","https://environmentalenforcementwatch.org/report_cards/TX11_2024.pdf"
4819,TX,19,"Texas Congressional District 19",,,,,"Jodey C. Arrington","Republican","https://environmentalenforcementwatch.org/report_cards/TX19_2024.pdf"
0401,AZ,01,"Arizona Congressional District 1",,,,,"David Schweikert","Republican","https://environmentalenforcementwatch.org/report_cards/AZ01_2024.pdf"
0408,AZ,08,"Arizona Congressional District 8",,,,,"Debbie Lesko","Republican","https://environmentalenforcementwatch.org/report_cards/AZ08_2024.pdf"
1709,IL,09,"Illinois Congressional District 9",,,,,"Janice D. Schakowsky","Democrat","https://environmentalenforcementwatch.org/report_cards/IL09_2024.pdf"
0615,CA,15,"California Congressional District 15",,,,,"Kevin Mullin","Democrat","https://environmentalenforcementwatch.org/report_cards/CA15_2024.pdf"
0607,CA,07,"California Congressional District 7",,,,,"Doris O. Matsui","Democrat","https://environmentalenforcementwatch.org/report_cards/CA07_2024.pdf"
0643,CA,43,"California Congressional District 43",,,,,"Maxine Waters","Democrat","https://environmentalenforcementwatch.org/report_cards/CA43_2024.pdf"
0903,CT,03,"Connecticut Congressional District 3",,,,,"Rosa L. DeLauro","Democrat","https://environmentalenforcementwatch.org/report_cards/CT03_2024.pdf"
0905,CT,05,"Connecticut Congressional District 5",,,,,"Jahana Hayes","Democrat","https://environmentalenforcementwatch.org/report_cards/CT05_2024.pdf"
0904,CT,04,"Connecticut Congressional District 4",,,,,"James A. Himes","Democrat","https://environmentalenforcementwatch.org/report_cards/CT04_2024.pdf"
1227,FL,27,"Florida Congressional District 27",,,,,"Maria Elvira Salazar","Republican","https://environmentalenforcementwatch.org/report_cards/FL27_2024.pdf"
1205,FL,05,"Florida Congressional District 5",,,,,"John H. Rutherford","Republican","https://environmentalenforcementwatch.org/report_cards/FL05_2024.pdf"
1217,FL,17,"Florida Congressional District 17",,,,,"W. Gregory Steube","Republican","https://environmentalenforcementwatch.org/report_cards/FL17_2024.pdf"
1215,FL,15,"Florida Congressional District 15",,,,,"Laurel M. Lee","Republican","https://environmentalenforcementwatch.org/report_cards/FL15_2024.pdf"
1207,FL,07,"Florida Congressional District 7",,,,,"Cory Mills","Republican","https://environmentalenforcementwatch.org/report_cards/FL07_2024.pdf"
1222,FL,22,"Florida Congressional District 22",,,,,"Lois Frankel","Democrat","https://environmentalenforcementwatch.org/report_cards/FL22_2024.pdf"
1221,FL,21,"Florida Congressional District 21",,,,,"Brian J. Mast","Republican","https://environmentalenforcementwatch.org/report_cards/FL21_2024.pdf"
1803,IN,03,"Indiana Congressional District 3",,,,,"Jim Banks","Republican","https://environmentalenforcementwatch.org/report_cards/IN03_2024.pdf"
1806,IN,06,"Indiana Congressional District 6",,,,,"Greg Pence","Republican","https://environmentalenforcementwatch.org/report_cards/IN06_2024.pdf"
2408,MD,08,"Maryland Congressional District 8",,,,,"Jamie Raskin","Democrat","https://environmentalenforcementwatch.org/report_cards/MD08_2024.pdf"
2407,MD,07,"Maryland Congressional District 7",,,,,"Kweisi Mfume","Democrat","https://environmentalenforcementwatch.org/report_cards/MD07_2024.pdf"
2901,MO,01,"Missouri Congressional District 1",,,,,"Cori Bush","Democrat","https://environmentalenforcementwatch.org/report_cards/MO01_2024.pdf"
2907,MO,07,"Missouri Congressional District 7",,,,,"Eric Burlison","Republican","https://environmentalenforcementwatch.org/report_cards/MO07_2024.pdf"
3625,NY,25,"New York Congressional District 25",,,,,"Joseph D. Morelle","Democrat","https://environmentalenforcementwatch.org/report_cards/NY25_2024.pdf"
3607,NY,07,"New York Congressional District 7",,,,,"Nydia M. Velázquez","Democrat","https://environmentalenforcementwatch.org/report_cards/NY07_2024.pdf"
3609,NY,09,"New York Congressional District 9",,,,,"Yvette D. Clarke","Democrat","https://environmentalenforcementwatch.org/report_cards/NY09_2024.pdf"
3610,NY,10,"New York Congressional District 10",,,,,"Daniel S. Goldman","Democrat","https://environmentalenforcementwatch.org/report_cards/NY10_2024.pdf"
3612,NY,12,"New York Congressional District 12",,,,,"Jerrold Nadler","Democrat","https://environmentalenforcementwatch.org/report_cards/NY12_2024.pdf"
3617,NY,17,"New York Congressional District 17",,,,,"Michael Lawler","Republican","https://environmentalenforcementwatch.org/report_cards/NY17_2024.pdf"
3620,NY,20,"New York Congressional District 20",,,,,"Paul Tonko","Democrat","https://environmentalenforcementwatch.org/report_cards/NY20_2024.pdf"
3704,NC,04,"North Carolina Congressional District 4",,,,,"Valerie P. Foushee","Democrat","https://environmentalenforcementwatch.org/report_cards/NC04_2024.pdf"
3409,NJ,09,"New Jersey Congressional District 9",,,,,"Bill Pascrell, Jr.","Democrat","https://environmentalenforcementwatch.org/report_cards/NJ09_2024.pdf"
3401,NJ,01,"New Jersey Congressional District 1",,,,,"Donald Norcross","Democrat","https://environmentalenforcementwatch.org/report_cards/NJ01_2024.pdf"
3408,NJ,08,"New Jersey Congressional District 8",,,,,"Robert Menendez","Democrat","https://environmentalenforcementwatch.org/report_cards/NJ08_2024.pdf"
3501,NM,01,"New Mexico Congressional District 1",,,,,"Melanie A. Stansbury","Democrat","https://environmentalenforcementwatch.org/report_cards/NM01_2024.pdf"
1717,IL,17,"Illinois Congressional District 17",,,,,"Eric Sorensen","Democrat","https://environmentalenforcementwatch.org/report_cards/IL17_2024.pdf"
1707,IL,07,"Illinois Congressional District 7",,,,,"Danny K. Davis","Democrat","https://environmentalenforcementwatch.org/report_cards/IL07_2024.pdf"
1903,IA,03,"Iowa Congressional District 3",,,,,"Zachary Nunn","Republican","https://environmentalenforcementwatch.org/report_cards/IA03_2024.pdf"
3601,NY,01,"New York Congressional District 1",,,,,"Nick LaLota","Republican","https://environmentalenforcementwatch.org/report_cards/NY01_2024.pdf"
1311,GA,11,"Georgia Congressional District 11",,,,,"Barry Loudermilk","Republican","https://environmentalenforcementwatch.org/report_cards/GA11_2024.pdf"
1306,GA,06,"Georgia Congressional District 6",,,,,"Richard McCormick","Republican","https://environmentalenforcementwatch.org/report_cards/GA06_2024.pdf"
5501,WI,01,"Wisconsin Congressional District 1",,,,,"Bryan Steil","Republican","https://environmentalenforcementwatch.org/report_cards/WI01_2024.pdf"
5502,WI,02,"Wisconsin Congressional District 2",,,,,"Mark Pocan","Democrat","https://environmentalenforcementwatch.org/report_cards/WI02_2024.pdf"
0200,AK,00,"Alaska Congressional District (at Large)",,,,,"Mary Sattler Peltola","Democrat","https://environmentalenforcementwatch.org/report_cards/AK00_2024.pdf"
3101,NE,01,"Nebraska Congressional District 1",,,,,"Mike Flood","Republican","https://environmentalenforcementwatch.org/report_cards/NE01_2024.pdf"
2505,MA,05,"Massachusetts Congressional District 5",,,,,"Katherine M. Clark","Democrat","https://environmentalenforcementwatch.org/report_cards/MA05_2024.pdf"
2506,MA,06,"Massachusetts Congressional District 6",,,,,"Seth Moulton","Democrat","https://environmentalenforcementwatch.org/report_cards/MA06_2024.pdf"
2502,MA,02,"Massachusetts Congressional District 2",,,,,"James P. McGovern","Democrat","https://environmentalenforcementwatch.org/report_cards/MA02_2024.pdf"
3908,OH,08,"Ohio Congressional District 8",,,,,"Warren Davidson","Republican","https://environmentalenforcementwatch.org/report_cards/OH08_2024.pdf"
3914,OH,14,"Ohio Congressional District 14",,,,,"David P. Joyce","Republican","https://environmentalenforcementwatch.org/report_cards/OH14_2024.pdf"
3912,OH,12,"Ohio Congressional District 12",,,,,"Troy Balderson","Republican","https://environmentalenforcementwatch.org/report_cards/OH12_2024.pdf"
4820,TX,20,"Texas Congressional District 20",,,,,"Joaquin Castro","Democrat","https://environmentalenforcementwatch.org/report_cards/TX20_2024.pdf"
1223,FL,23,"Florida Congressional District 23",,,,,"Jared Moskowitz","Democrat","https://environmentalenforcementwatch.org/report_cards/FL23_2024.pdf"
1804,IN,04,"Indiana Congressional District 4",,,,,"James R. Baird","Republican","https://environmentalenforcementwatch.org/report_cards/IN04_2024.pdf"
0637,CA,37,"California Congressional District 37",,,,,"Sydney Kamlager-Dove","Democrat","https://environmentalenforcementwatch.org/report_cards/CA37_2024.pdf"
1305,GA,05,"Georgia Congressional District 5",,,,,"Nikema Williams","Democrat","https://environmentalenforcementwatch.org/report_cards/GA05_2024.pdf"
3606,NY,06,"New York Congressional District 6",,,,,"Grace Meng","Democrat","https://environmentalenforcementwatch.org/report_cards/NY06_2024.pdf"
3702,NC,02,"North Carolina Congressional District 2",,,,,"Deborah K. Ross","Democrat","https://environmentalenforcementwatch.org/report_cards/NC02_2024.pdf"
0105,AL,05,"Alabama Congressional District 5",,,,,"Dale W. Strong","Republican","https://environmentalenforcementwatch.org/report_cards/AL05_2024.pdf"
3405,NJ,05,"New Jersey Congressional District 5",,,,,"Josh Gottheimer","Democrat","https://environmentalenforcementwatch.org/report_cards/NJ05_2024.pdf"
0409,AZ,09,"Arizona Congressional District 9",,,,,"Paul A. Gosar","Republican","https://environmentalenforcementwatch.org/report_cards/AZ09_2024.pdf"
4214,PA,14,"Pennsylvania Congressional District 14",,,,,"Guy Reschenthaler","Republican","https://environmentalenforcementwatch.org/report_cards/PA14_2024.pdf"
0622,CA,22,"California Congressional District 22",,,,,"David G. Valadao","Republican","https://environmentalenforcementwatch.org/report_cards/CA22_2024.pdf"
1218,FL,18,"Florida Congressional District 18",,,,,"C. Scott Franklin","Republican","https://environmentalenforcementwatch.org/report_cards/FL18_2024.pdf"
4802,TX,02,"Texas Congressional District 2",,,,,"Dan Crenshaw","Republican","https://environmentalenforcementwatch.org/report_cards/TX02_2024.pdf"
1208,FL,08,"Florida Congressional District 8",,,,,"Bill Posey","Republican","https://environmentalenforcementwatch.org/report_cards/FL08_2024.pdf"
1802,IN,02,"Indiana Congressional District 2",,,,,"Rudy Yakym III","Republican","https://environmentalenforcementwatch.org/report_cards/IN02_2024.pdf"
2902,MO,02,"Missouri Congressional District 2",,,,,"Ann Wagner","Republican","https://environmentalenforcementwatch.org/report_cards/MO02_2024.pdf"
3905,OH,05,"Ohio Congressional District 5",,,,,"Robert E. Latta","Republican","https://environmentalenforcementwatch.org/report_cards/OH05_2024.pdf"
1708,IL,08,"Illinois Congressional District 8",,,,,"Raja Krishnamoorthi","Democrat","https://environmentalenforcementwatch.org/report_cards/IL08_2024.pdf"
4212,PA,12,"Pennsylvania Congressional District 12",,,,,"Summer L. Lee","Democrat","https://environmentalenforcementwatch.org/report_cards/PA12_2024.pdf"
0652,CA,52,"California Congressional District 52",,,,,"Juan Vargas","Democrat","https://environmentalenforcementwatch.org/report_cards/CA52_2024.pdf"
2610,MI,10,"Michigan Congressional District 10",,,,,"John James","Republican","https://environmentalenforcementwatch.org/report_cards/MI10_2024.pdf"
0646,CA,46,"California Congressional District 46",,,,,"J. Luis Correa","Democrat","https://environmentalenforcementwatch.org/report_cards/CA46_2024.pdf"
0629,CA,29,"California Congressional District 29",,,,,"Tony Cárdenas","Democrat","https://environmentalenforcementwatch.org/report_cards/CA29_2024.pdf"
2706,MN,06,"Minnesota Congressional District 6",,,,,"Tom Emmer","Republican","https://environmentalenforcementwatch.org/report_cards/MN06_2024.pdf"
4202,PA,02,"Pennsylvania Congressional District 2",,,,,"Brendan F. Boyle","Democrat","https://environmentalenforcementwatch.org/report_cards/PA02_2024.pdf"
0632,CA,32,"California Congressional District 32",,,,,"Brad Sherman","Democrat","https://environmentalenforcementwatch.org/report_cards/CA32_2024.pdf"
1216,FL,16,"Florida Congressional District 16",,,,,"Vern Buchanan","Republican","https://environmentalenforcementwatch.org/report_cards/FL16_2024.pdf"
1711,IL,11,"Illinois Congressional District 11",,,,,"Bill Foster","Democrat","https://environmentalenforcementwatch.org/report_cards/IL11_2024.pdf"
4211,PA,11,"Pennsylvania Congressional District 11",,,,,"Lloyd Smucker","Republican","https://environmentalenforcementwatch.org/report_cards/PA11_2024.pdf"
4205,PA,05,"Pennsylvania Congressional District 5",,,,,"Mary Gay Scanlon","Democrat","https://environmentalenforcementwatch.org/report_cards/PA05_2024.pdf"
4812,TX,12,"Texas Congressional District 12",,,,,"Kay Granger","Republican","https://environmentalenforcementwatch.org/report_cards/TX12_2024.pdf"
5107,VA,07,"Virginia Congressional District 7",,,,,"Abigail Davis Spanberger","Democrat","https://environmentalenforcementwatch.org/report_cards/VA07_2024.pdf"
3605,NY,05,"New York Congressional District 5",,,,,"Gregory W. Meeks","Democrat","https://environmentalenforcementwatch.org/report_cards/NY05_2024.pdf"
3901,OH,01,"Ohio Congressional District 1",,,,,"Greg Landsman","Democrat","https://environmentalenforcementwatch.org/report_cards/OH01_2024.pdf"
0617,CA,17,"California Congressional District 17",,,,,"Ro Khanna","Democrat","https://environmentalenforcementwatch.org/report_cards/CA17_2024.pdf"
0621,CA,21,"California Congressional District 21",,,,,"Jim Costa","Democrat","https://environmentalenforcementwatch.org/report_cards/CA21_2024.pdf"
0806,CO,06,"Colorado Congressional District 6",,,,,"Jason Crow","Democrat","https://environmentalenforcementwatch.org/report_cards/CO06_2024.pdf"
2106,KY,06,"Kentucky Congressional District 6",,,,,"Andy Barr","Republican","https://environmentalenforcementwatch.org/report_cards/KY06_2024.pdf"
2404,MD,04,"Maryland Congressional District 4",,,,,"Glenn Ivey","Democrat","https://environmentalenforcementwatch.org/report_cards/MD04_2024.pdf"
2905,MO,05,"Missouri Congressional District 5",,,,,"Emanuel Cleaver","Democrat","https://environmentalenforcementwatch.org/report_cards/MO05_2024.pdf"
3604,NY,04,"New York Congressional District 4",,,,,"Anthony D’Esposito","Republican","https://environmentalenforcementwatch.org/report_cards/NY04_2024.pdf"
3613,NY,13,"New York Congressional District 13",,,,,"Adriano Espaillat","Democrat","https://environmentalenforcementwatch.org/report_cards/NY13_2024.pdf"
1198,DC,98,"District of Columbia Delegate District (at Large)",,,,,"Eleanor Holmes Norton","Democrat","https://environmentalenforcementwatch.org/report_cards/DC00_2024.pdf"
3913,OH,13,"Ohio Congressional District 13",,,,,"Emilia Strong Sykes","Democrat","https://environmentalenforcementwatch.org/report_cards/OH13_2024.pdf"
0611,CA,11,"California Congressional District 11",,,,,"Nancy Pelosi","Democrat","https://environmentalenforcementwatch.org/report_cards/CA11_2024.pdf"
2611,MI,11,"Michigan Congressional District 11",,,,,"Haley M. Stevens","Democrat","https://environmentalenforcementwatch.org/report_cards/MI11_2024.pdf"
0627,CA,27,"California Congressional District 27",,,,,"Mike Garcia","Republican","https://environmentalenforcementwatch.org/report_cards/CA27_2024.pdf"
1224,FL,24,"Florida Congressional District 24",,,,,"Frederica S. Wilson","Democrat","https://environmentalenforcementwatch.org/report_cards/FL24_2024.pdf"
3611,NY,11,"New York Congressional District 11",,,,,"Nicole Malliotakis","Republican","https://environmentalenforcementwatch.org/report_cards/NY11_2024.pdf"
0636,CA,36,"California Congressional District 36",,,,,"Ted Lieu","Democrat","https://environmentalenforcementwatch.org/report_cards/CA36_2024.pdf"
4206,PA,06,"Pennsylvania Congressional District 6",,,,,"Chrissy Houlahan","Democrat","https://environmentalenforcementwatch.org/report_cards/PA06_2024.pdf"
5104,VA,04,"Virginia Congressional District 4",,,,,"Jennifer L. McClellan","Democrat","https://environmentalenforcementwatch.org/report_cards/VA04_2024.pdf"
4808,TX,08,"Texas Congressional District 8",,,,,"Morgan Luttrell","Republican","https://environmentalenforcementwatch.org/report_cards/TX08_2024.pdf"
1801,IN,01,"Indiana Congressional District 1",,,,,"Frank J. Mrvan","Democrat","https://environmentalenforcementwatch.org/report_cards/IN01_2024.pdf"
0651,CA,51,"California Congressional District 51",,,,,"Sara Jacobs","Democrat","https://environmentalenforcementwatch.org/report_cards/CA51_2024.pdf"
4904,UT,04,"Utah Congressional District 4",,,,,"Burgess Owens","Republican","https://environmentalenforcementwatch.org/report_cards/UT04_2024.pdf"
0103,AL,03,"Alabama Congressional District 3",,,,,"Mike Rogers","Republican","https://environmentalenforcementwatch.org/report_cards/AL03_2024.pdf"
0638,CA,38,"California Congressional District 38",,,,,"Linda T. Sánchez","Democrat","https://environmentalenforcementwatch.org/report_cards/CA38_2024.pdf"
2612,MI,12,"Michigan Congressional District 12",,,,,"Rashida Tlaib","Democrat","https://environmentalenforcementwatch.org/report_cards/MI12_2024.pdf"
3411,NJ,11,"New Jersey Congressional District 11",,,,,"Mikie Sherrill","Democrat","https://environmentalenforcementwatch.org/report_cards/NJ11_2024.pdf"
4830,TX,30,"Texas Congressional District 30",,,,,"Jasmine Crockett","Democrat","https://environmentalenforcementwatch.org/report_cards/TX30_2024.pdf"
0403,AZ,03,"Arizona Congressional District 3",,,,,"Ruben Gallego","Democrat","https://environmentalenforcementwatch.org/report_cards/AZ03_2024.pdf"
1206,FL,06,"Florida Congressional District 6",,,,,"Michael Waltz","Republican","https://environmentalenforcementwatch.org/report_cards/FL06_2024.pdf"
1706,IL,06,"Illinois Congressional District 6",,,,,"Sean Casten","Democrat","https://environmentalenforcementwatch.org/report_cards/IL06_2024.pdf"
1307,GA,07,"Georgia Congressional District 7",,,,,"Lucy McBath","Democrat","https://environmentalenforcementwatch.org/report_cards/GA07_2024.pdf"
3614,NY,14,"New York Congressional District 14",,,,,"Alexandria Ocasio-Cortez","Democrat","https://environmentalenforcementwatch.org/report_cards/NY14_2024.pdf"
5504,WI,04,"Wisconsin Congressional District 4",,,,,"Gwen Moore","Democrat","https://environmentalenforcementwatch.org/report_cards/WI04_2024.pdf"
3904,OH,04,"Ohio Congressional District 4",,,,,"Jim Jordan","Republican","https://environmentalenforcementwatch.org/report_cards/OH04_2024.pdf"
1226,FL,26,"Florida Congressional District 26",,,,,"Mario Diaz-Balart","Republican","https://environmentalenforcementwatch.org/report_cards/FL26_2024.pdf"
3915,OH,15,"Ohio Congressional District 15",,,,,"Mike Carey","Republican","https://environmentalenforcementwatch.org/report_cards/OH15_2024.pdf"
3907,OH,07,"Ohio Congressional District 7",,,,,"Max L. Miller","Republican","https://environmentalenforcementwatch.org/report_cards/OH07_2024.pdf"
4702,TN,02,"Tennessee Congressional District 2",,,,,"Tim Burchett","Republican","https://environmentalenforcementwatch.org/report_cards/TN02_2024.pdf"
4901,UT,01,"Utah Congressional District 1",,,,,"Blake D. Moore","Republican","https://environmentalenforcementwatch.org/report_cards/UT01_2024.pdf"
2613,MI,13,"Michigan Congressional District 13",,,,,"Shri Thanedar","Democrat","https://environmentalenforcementwatch.org/report_cards/MI13_2024.pdf"
2603,MI,03,"Michigan Congressional District 3",,,,,"Hillary J. Scholten","Democrat","https://environmentalenforcementwatch.org/report_cards/MI03_2024.pdf"
2604,MI,04,"Michigan Congressional District 4",,,,,"Bill Huizenga","Republican","https://environmentalenforcementwatch.org/report_cards/MI04_2024.pdf"
2602,MI,02,"Michigan Congressional District 2",,,,,"John R. Moolenaar","Republican","https://environmentalenforcementwatch.org/report_cards/MI02_2024.pdf"
2607,MI,07,"Michigan Congressional District 7",,,,,"Elissa Slotkin","Democrat","https://environmentalenforcementwatch.org/report_cards/MI07_2024.pdf"
5301,WA,01,"Washington Congressional District 1",,,,,"Suzan K. DelBene","Democrat","https://environmentalenforcementwatch.org/report_cards/WA01_2024.pdf"
5310,WA,10,"Washington Congressional District 10",,,,,"Marilyn Strickland","Democrat","https://environmentalenforcementwatch.org/report_cards/WA10_2024.pdf"
5307,WA,07,"Washington Congressional District 7",,,,,"Pramila Jayapal","Democrat","https://environmentalenforcementwatch.org/report_cards/WA07_2024.pdf"
2403,MD,03,"Maryland Congressional District 3",,,,,"John P. Sarbanes","Democrat","https://environmentalenforcementwatch.org/report_cards/MD03_2024.pdf"
0634,CA,34,"California Congressional District 34",,,,,"Jimmy Gomez","Democrat","https://environmentalenforcementwatch.org/report_cards/CA34_2024.pdf"
0639,CA,39,"California Congressional District 39",,,,,"Mark Takano","Democrat","https://environmentalenforcementwatch.org/report_cards/CA39_2024.pdf"
2702,MN,02,"Minnesota Congressional District 2",,,,,"Angie Craig","Democrat","https://environmentalenforcementwatch.org/report_cards/MN02_2024.pdf"
4106,OR,06,"Oregon Congressional District 6",,,,,"Andrea Salinas","Democrat","https://environmentalenforcementwatch.org/report_cards/OR06_2024.pdf"